[{"orderId":12345,"products":{"productQuantity":12,"productName":"Coca Cola","productPrice":32,"productTotal":345}},{"id":12345,"products":{"productQuantity":12,"productName":"Coca Cola","productPrice":32,"productTotal":345}},{"orderId":"c1476480-3b3f-4fad-9897-4eebc7524a94","products":[{"productQuantity":0,"productName":"Hamburger","productPrice":1.5,"productTotal":3.0},{"productQuantity":0,"productName":"Cheese burger","productPrice":2.0,"productTotal":6.0},{"productQuantity":0,"productName":"Hamburger","productPrice":1.5,"productTotal":3.0},{"productQuantity":0,"productName":"Cheese burger","productPrice":2.0,"productTotal":6.0},{"productQuantity":0,"productName":"Hamburger","productPrice":1.5,"productTotal":3.0},{"productQuantity":0,"productName":"Cheese burger","productPrice":2.0,"productTotal":6.0},{"productQuantity":0,"productName":"Cheese cake","productPrice":1.5,"productTotal":3.0},{"productQuantity":0,"productName":"Tres Leches","productPrice":1.8,"productTotal":7.2},{"productQuantity":0,"productName":"Hamburger","productPrice":1.5,"productTotal":4.5},{"productQuantity":0,"productName":"Cheese burger","productPrice":2.0,"productTotal":4.0},{"productQuantity":0,"productName":"Hamburger","productPrice":1.5,"productTotal":16.5},{"productQuantity":0,"productName":"Cheese burger","productPrice":2.0,"productTotal":12.0},{"productQuantity":0,"productName":"Pasta dish incl. sauce","productPrice":3.5,"productTotal":10.5},{"productQuantity":0,"productName":"Rice dish incl. sauce","productPrice":3.5,"productTotal":10.5},{"productQuantity":0,"productName":"Salad","productPrice":2.0,"productTotal":6.0},{"productQuantity":0,"productName":"Salad extra","productPrice":1.0,"productTotal":3.0}]},{"orderId":"fb972664-01c5-420d-a5a8-ec9e27730426","products":[{"productQuantity":0,"productName":"Hamburger","productPrice":1.5,"productTotal":3.0},{"productQuantity":0,"productName":"Cheese burger","productPrice":2.0,"productTotal":6.0},{"productQuantity":0,"productName":"Hamburger","productPrice":1.5,"productTotal":3.0},{"productQuantity":0,"productName":"Cheese burger","productPrice":2.0,"productTotal":6.0},{"productQuantity":0,"productName":"Hamburger","productPrice":1.5,"productTotal":3.0},{"productQuantity":0,"productName":"Cheese burger","productPrice":2.0,"productTotal":6.0},{"productQuantity":0,"productName":"Cheese cake","productPrice":1.5,"productTotal":3.0},{"productQuantity":0,"productName":"Tres Leches","productPrice":1.8,"productTotal":7.2},{"productQuantity":0,"productName":"Hamburger","productPrice":1.5,"productTotal":4.5},{"productQuantity":0,"productName":"Cheese burger","productPrice":2.0,"productTotal":4.0},{"productQuantity":0,"productName":"Hamburger","productPrice":1.5,"productTotal":16.5},{"productQuantity":0,"productName":"Cheese burger","productPrice":2.0,"productTotal":12.0},{"productQuantity":0,"productName":"Pasta dish incl. sauce","productPrice":3.5,"productTotal":10.5},{"productQuantity":0,"productName":"Rice dish incl. sauce","productPrice":3.5,"productTotal":10.5},{"productQuantity":0,"productName":"Salad","productPrice":2.0,"productTotal":6.0},{"productQuantity":0,"productName":"Salad extra","productPrice":1.0,"productTotal":3.0}]}]